casn,chemical,dsstox_substance_id,pubchem_query,match_status,source_url,error,CID,MolecularFormula,MolecularWeight,SMILES,ConnectivitySMILES,XLogP,TPSA,Complexity,Charge,HBondDonorCount,HBondAcceptorCount,RotatableBondCount
1024-57-3,Heptachlor epoxide B,DTXSID1024126,1024-57-3,resolved,"https://pubchem.ncbi.nlm.nih.gov/rest/pug/compound/name/1024-57-3/property/CanonicalSMILES,IsomericSMILES,MolecularFormula,MolecularWeight,XLogP,TPSA,HBondDonorCount,HBondAcceptorCount,RotatableBondCount,Complexity,Charge/JSON",,15559699.0,C10H5Cl7O,389.3,[C@@H]12[C@@H]([C@H]([C@@H]3[C@H]1O3)Cl)[C@]4(C(=C([C@@]2(C4(Cl)Cl)Cl)Cl)Cl)Cl,C12C(C(C3C1O3)Cl)C4(C(=C(C2(C4(Cl)Cl)Cl)Cl)Cl)Cl,3.7,12.5,504.0,0.0,0.0,1.0,0.0
10265-92-6,Methamidophos,DTXSID6024177,10265-92-6,resolved,"https://pubchem.ncbi.nlm.nih.gov/rest/pug/compound/name/10265-92-6/property/CanonicalSMILES,IsomericSMILES,MolecularFormula,MolecularWeight,XLogP,TPSA,HBondDonorCount,HBondAcceptorCount,RotatableBondCount,Complexity,Charge/JSON",,4096.0,C2H8NO2PS,141.13,COP(=O)(N)SC,COP(=O)(N)SC,-0.9,77.6,95.0,0.0,1.0,4.0,2.0
103-90-2,Acetaminophen,DTXSID2020006,103-90-2,resolved,"https://pubchem.ncbi.nlm.nih.gov/rest/pug/compound/name/103-90-2/property/CanonicalSMILES,IsomericSMILES,MolecularFormula,MolecularWeight,XLogP,TPSA,HBondDonorCount,HBondAcceptorCount,RotatableBondCount,Complexity,Charge/JSON",,1983.0,C8H9NO2,151.16,CC(=O)NC1=CC=C(C=C1)O,CC(=O)NC1=CC=C(C=C1)O,0.5,49.3,139.0,0.0,2.0,2.0,1.0
1069-66-5,Sodium valproate,DTXSID5037072,1069-66-5,resolved,"https://pubchem.ncbi.nlm.nih.gov/rest/pug/compound/name/1069-66-5/property/CanonicalSMILES,IsomericSMILES,MolecularFormula,MolecularWeight,XLogP,TPSA,HBondDonorCount,HBondAcceptorCount,RotatableBondCount,Complexity,Charge/JSON",,16760703.0,C8H15NaO2,166.19,CCCC(CCC)C(=O)[O-].[Na+],CCCC(CCC)C(=O)[O-].[Na+],,40.1,98.0,0.0,0.0,2.0,5.0
1071-83-6,Glyphosate,DTXSID1024122,1071-83-6,resolved,"https://pubchem.ncbi.nlm.nih.gov/rest/pug/compound/name/1071-83-6/property/CanonicalSMILES,IsomericSMILES,MolecularFormula,MolecularWeight,XLogP,TPSA,HBondDonorCount,HBondAcceptorCount,RotatableBondCount,Complexity,Charge/JSON",,3496.0,C3H8NO5P,169.07,C(C(=O)O)NCP(=O)(O)O,C(C(=O)O)NCP(=O)(O)O,-4.6,107.0,162.0,0.0,4.0,6.0,4.0
107534-96-3,Tebuconazole,DTXSID9032113,107534-96-3,resolved,"https://pubchem.ncbi.nlm.nih.gov/rest/pug/compound/name/107534-96-3/property/CanonicalSMILES,IsomericSMILES,MolecularFormula,MolecularWeight,XLogP,TPSA,HBondDonorCount,HBondAcceptorCount,RotatableBondCount,Complexity,Charge/JSON",,86102.0,C16H22ClN3O,307.82,CC(C)(C)C(CCC1=CC=C(C=C1)Cl)(CN2C=NC=N2)O,CC(C)(C)C(CCC1=CC=C(C=C1)Cl)(CN2C=NC=N2)O,3.7,50.9,326.0,0.0,1.0,3.0,6.0
108-95-2,Phenol,DTXSID5021124,108-95-2,resolved,"https://pubchem.ncbi.nlm.nih.gov/rest/pug/compound/name/108-95-2/property/CanonicalSMILES,IsomericSMILES,MolecularFormula,MolecularWeight,XLogP,TPSA,HBondDonorCount,HBondAcceptorCount,RotatableBondCount,Complexity,Charge/JSON",,996.0,C6H6O,94.11,C1=CC=C(C=C1)O,C1=CC=C(C=C1)O,1.5,20.2,46.0,0.0,1.0,1.0,0.0
111-46-6,Diethylene glycol,DTXSID8020462,111-46-6,resolved,"https://pubchem.ncbi.nlm.nih.gov/rest/pug/compound/name/111-46-6/property/CanonicalSMILES,IsomericSMILES,MolecularFormula,MolecularWeight,XLogP,TPSA,HBondDonorCount,HBondAcceptorCount,RotatableBondCount,Complexity,Charge/JSON",,8117.0,C4H10O3,106.12,C(COCCO)O,C(COCCO)O,-1.3,49.7,26.0,0.0,2.0,3.0,4.0
1113-02-6,Omethoate,DTXSID4037580,1113-02-6,resolved,"https://pubchem.ncbi.nlm.nih.gov/rest/pug/compound/name/1113-02-6/property/CanonicalSMILES,IsomericSMILES,MolecularFormula,MolecularWeight,XLogP,TPSA,HBondDonorCount,HBondAcceptorCount,RotatableBondCount,Complexity,Charge/JSON",,14210.0,C5H12NO4PS,213.19,CNC(=O)CSP(=O)(OC)OC,CNC(=O)CSP(=O)(OC)OC,-0.9,89.9,190.0,0.0,1.0,5.0,5.0
115-09-3,Methylmercuric(II) chloride,DTXSID5020813,115-09-3,resolved,"https://pubchem.ncbi.nlm.nih.gov/rest/pug/compound/name/115-09-3/property/CanonicalSMILES,IsomericSMILES,MolecularFormula,MolecularWeight,XLogP,TPSA,HBondDonorCount,HBondAcceptorCount,RotatableBondCount,Complexity,Charge/JSON",,409301.0,CH3ClHg,251.08,C[Hg]Cl,C[Hg]Cl,,0.0,4.0,0.0,0.0,0.0,0.0
116-06-3,Aldicarb,DTXSID0039223,116-06-3,resolved,"https://pubchem.ncbi.nlm.nih.gov/rest/pug/compound/name/116-06-3/property/CanonicalSMILES,IsomericSMILES,MolecularFormula,MolecularWeight,XLogP,TPSA,HBondDonorCount,HBondAcceptorCount,RotatableBondCount,Complexity,Charge/JSON",,9570071.0,C7H14N2O2S,190.27,CC(C)(/C=N/OC(=O)NC)SC,CC(C)(C=NOC(=O)NC)SC,1.1,76.0,180.0,0.0,1.0,4.0,4.0
117-81-7,Di(2-ethylhexyl) phthalate,DTXSID5020607,117-81-7,resolved,"https://pubchem.ncbi.nlm.nih.gov/rest/pug/compound/name/117-81-7/property/CanonicalSMILES,IsomericSMILES,MolecularFormula,MolecularWeight,XLogP,TPSA,HBondDonorCount,HBondAcceptorCount,RotatableBondCount,Complexity,Charge/JSON",,8343.0,C24H38O4,390.6,CCCCC(CC)COC(=O)C1=CC=CC=C1C(=O)OCC(CC)CCCC,CCCCC(CC)COC(=O)C1=CC=CC=C1C(=O)OCC(CC)CCCC,7.4,52.6,394.0,0.0,0.0,4.0,16.0
121-75-5,Malathion,DTXSID4020791,121-75-5,resolved,"https://pubchem.ncbi.nlm.nih.gov/rest/pug/compound/name/121-75-5/property/CanonicalSMILES,IsomericSMILES,MolecularFormula,MolecularWeight,XLogP,TPSA,HBondDonorCount,HBondAcceptorCount,RotatableBondCount,Complexity,Charge/JSON",,4004.0,C10H19O6PS2,330.4,CCOC(=O)CC(C(=O)OCC)SP(=S)(OC)OC,CCOC(=O)CC(C(=O)OCC)SP(=S)(OC)OC,2.4,128.0,341.0,0.0,0.0,8.0,11.0
12427-38-2,Maneb,DTXSID9020794,12427-38-2,resolved,"https://pubchem.ncbi.nlm.nih.gov/rest/pug/compound/name/12427-38-2/property/CanonicalSMILES,IsomericSMILES,MolecularFormula,MolecularWeight,XLogP,TPSA,HBondDonorCount,HBondAcceptorCount,RotatableBondCount,Complexity,Charge/JSON",,3032581.0,C4H6MnN2S4,265.3,C(CNC(=S)[S-])NC(=S)[S-].[Mn+2],C(CNC(=S)[S-])NC(=S)[S-].[Mn+2],,90.2,108.0,0.0,2.0,4.0,3.0
127-07-1,Hydroxyurea,DTXSID6025438,127-07-1,resolved,"https://pubchem.ncbi.nlm.nih.gov/rest/pug/compound/name/127-07-1/property/CanonicalSMILES,IsomericSMILES,MolecularFormula,MolecularWeight,XLogP,TPSA,HBondDonorCount,HBondAcceptorCount,RotatableBondCount,Complexity,Charge/JSON",,3657.0,CH4N2O2,76.055,C(=O)(N)NO,C(=O)(N)NO,-1.8,75.4,42.0,0.0,3.0,2.0,0.0
13071-79-9,Terbufos,DTXSID2022254,13071-79-9,resolved,"https://pubchem.ncbi.nlm.nih.gov/rest/pug/compound/name/13071-79-9/property/CanonicalSMILES,IsomericSMILES,MolecularFormula,MolecularWeight,XLogP,TPSA,HBondDonorCount,HBondAcceptorCount,RotatableBondCount,Complexity,Charge/JSON",,25670.0,C9H21O2PS3,288.4,CCOP(=S)(OCC)SCSC(C)(C)C,CCOP(=S)(OCC)SCSC(C)(C)C,4.5,101.0,206.0,0.0,0.0,5.0,8.0
13194-48-4,Ethoprop,DTXSID4032611,13194-48-4,resolved,"https://pubchem.ncbi.nlm.nih.gov/rest/pug/compound/name/13194-48-4/property/CanonicalSMILES,IsomericSMILES,MolecularFormula,MolecularWeight,XLogP,TPSA,HBondDonorCount,HBondAcceptorCount,RotatableBondCount,Complexity,Charge/JSON",,3289.0,C8H19O2PS2,242.3,CCCSP(=O)(OCC)SCCC,CCCSP(=O)(OCC)SCCC,3.6,76.9,152.0,0.0,0.0,4.0,8.0
133-90-4,Chloramben,DTXSID2020262,133-90-4,resolved,"https://pubchem.ncbi.nlm.nih.gov/rest/pug/compound/name/133-90-4/property/CanonicalSMILES,IsomericSMILES,MolecularFormula,MolecularWeight,XLogP,TPSA,HBondDonorCount,HBondAcceptorCount,RotatableBondCount,Complexity,Charge/JSON",,8630.0,C7H5Cl2NO2,206.02,C1=C(C=C(C(=C1C(=O)O)Cl)N)Cl,C1=C(C=C(C(=C1C(=O)O)Cl)N)Cl,2.0,63.3,188.0,0.0,2.0,3.0,1.0
141-66-2,Dicrotophos,DTXSID9023914,141-66-2,resolved,"https://pubchem.ncbi.nlm.nih.gov/rest/pug/compound/name/141-66-2/property/CanonicalSMILES,IsomericSMILES,MolecularFormula,MolecularWeight,XLogP,TPSA,HBondDonorCount,HBondAcceptorCount,RotatableBondCount,Complexity,Charge/JSON",,5371560.0,C8H16NO5P,237.19,C/C(=C\C(=O)N(C)C)/OP(=O)(OC)OC,CC(=CC(=O)N(C)C)OP(=O)(OC)OC,0.0,65.1,291.0,0.0,0.0,5.0,5.0
147-94-4,Cytarabine,DTXSID3022877,147-94-4,resolved,"https://pubchem.ncbi.nlm.nih.gov/rest/pug/compound/name/147-94-4/property/CanonicalSMILES,IsomericSMILES,MolecularFormula,MolecularWeight,XLogP,TPSA,HBondDonorCount,HBondAcceptorCount,RotatableBondCount,Complexity,Charge/JSON",,6253.0,C9H13N3O5,243.22,C1=CN(C(=O)N=C1N)[C@H]2[C@H]([C@@H]([C@H](O2)CO)O)O,C1=CN(C(=O)N=C1N)C2C(C(C(O2)CO)O)O,-2.1,129.0,383.0,0.0,4.0,5.0,2.0
1634-78-2,Malaoxon,DTXSID9020790,1634-78-2,resolved,"https://pubchem.ncbi.nlm.nih.gov/rest/pug/compound/name/1634-78-2/property/CanonicalSMILES,IsomericSMILES,MolecularFormula,MolecularWeight,XLogP,TPSA,HBondDonorCount,HBondAcceptorCount,RotatableBondCount,Complexity,Charge/JSON",,15415.0,C10H19O7PS,314.29,CCOC(=O)CC(C(=O)OCC)SP(=O)(OC)OC,CCOC(=O)CC(C(=O)OCC)SP(=O)(OC)OC,0.6,113.0,339.0,0.0,0.0,8.0,11.0
1910-42-5,Paraquat dichloride,DTXSID7024243,1910-42-5,resolved,"https://pubchem.ncbi.nlm.nih.gov/rest/pug/compound/name/1910-42-5/property/CanonicalSMILES,IsomericSMILES,MolecularFormula,MolecularWeight,XLogP,TPSA,HBondDonorCount,HBondAcceptorCount,RotatableBondCount,Complexity,Charge/JSON",,15938.0,C12H14Cl2N2,257.16,C[N+]1=CC=C(C=C1)C2=CC=[N+](C=C2)C.[Cl-].[Cl-],C[N+]1=CC=C(C=C1)C2=CC=[N+](C=C2)C.[Cl-].[Cl-],,7.8,145.0,0.0,0.0,2.0,1.0
22248-79-9,Z-Tetrachlorvinphos,DTXSID1032648,22248-79-9,resolved,"https://pubchem.ncbi.nlm.nih.gov/rest/pug/compound/name/22248-79-9/property/CanonicalSMILES,IsomericSMILES,MolecularFormula,MolecularWeight,XLogP,TPSA,HBondDonorCount,HBondAcceptorCount,RotatableBondCount,Complexity,Charge/JSON",,5284462.0,C10H9Cl4O4P,366.0,COP(=O)(OC)O/C(=C\Cl)/C1=CC(=C(C=C1Cl)Cl)Cl,COP(=O)(OC)OC(=CCl)C1=CC(=C(C=C1Cl)Cl)Cl,3.5,44.8,371.0,0.0,0.0,4.0,5.0
23031-32-5,Terbutaline hemisulfate,DTXSID3045437,23031-32-5,resolved,"https://pubchem.ncbi.nlm.nih.gov/rest/pug/compound/name/23031-32-5/property/CanonicalSMILES,IsomericSMILES,MolecularFormula,MolecularWeight,XLogP,TPSA,HBondDonorCount,HBondAcceptorCount,RotatableBondCount,Complexity,Charge/JSON",,441334.0,C24H40N2O10S,548.6,CC(C)(C)NCC(C1=CC(=CC(=C1)O)O)O.CC(C)(C)NCC(C1=CC(=CC(=C1)O)O)O.OS(=O)(=O)O,CC(C)(C)NCC(C1=CC(=CC(=C1)O)O)O.CC(C)(C)NCC(C1=CC(=CC(=C1)O)O)O.OS(=O)(=O)O,,228.0,286.0,0.0,10.0,12.0,8.0
26787-78-0,Amoxicillin,DTXSID3037044,26787-78-0,resolved,"https://pubchem.ncbi.nlm.nih.gov/rest/pug/compound/name/26787-78-0/property/CanonicalSMILES,IsomericSMILES,MolecularFormula,MolecularWeight,XLogP,TPSA,HBondDonorCount,HBondAcceptorCount,RotatableBondCount,Complexity,Charge/JSON",,33613.0,C16H19N3O5S,365.4,CC1([C@@H](N2[C@H](S1)[C@@H](C2=O)NC(=O)[C@@H](C3=CC=C(C=C3)O)N)C(=O)O)C,CC1(C(N2C(S1)C(C2=O)NC(=O)C(C3=CC=C(C=C3)O)N)C(=O)O)C,-2.0,158.0,590.0,0.0,4.0,7.0,4.0
2767-54-6,Triethyltin bromide,DTXSID9040712,2767-54-6,resolved,"https://pubchem.ncbi.nlm.nih.gov/rest/pug/compound/name/2767-54-6/property/CanonicalSMILES,IsomericSMILES,MolecularFormula,MolecularWeight,XLogP,TPSA,HBondDonorCount,HBondAcceptorCount,RotatableBondCount,Complexity,Charge/JSON",,17701.0,C6H15BrSn,285.80,CC[Sn](CC)(CC)Br,CC[Sn](CC)(CC)Br,,0.0,51.0,0.0,0.0,0.0,3.0
2921-88-2,Chlorpyrifos,DTXSID4020458,2921-88-2,resolved,"https://pubchem.ncbi.nlm.nih.gov/rest/pug/compound/name/2921-88-2/property/CanonicalSMILES,IsomericSMILES,MolecularFormula,MolecularWeight,XLogP,TPSA,HBondDonorCount,HBondAcceptorCount,RotatableBondCount,Complexity,Charge/JSON",,2730.0,C9H11Cl3NO3PS,350.6,CCOP(=S)(OCC)OC1=NC(=C(C=C1Cl)Cl)Cl,CCOP(=S)(OCC)OC1=NC(=C(C=C1Cl)Cl)Cl,5.3,72.7,303.0,0.0,0.0,5.0,6.0
29232-93-7,Pirimiphos-methyl,DTXSID0024266,29232-93-7,resolved,"https://pubchem.ncbi.nlm.nih.gov/rest/pug/compound/name/29232-93-7/property/CanonicalSMILES,IsomericSMILES,MolecularFormula,MolecularWeight,XLogP,TPSA,HBondDonorCount,HBondAcceptorCount,RotatableBondCount,Complexity,Charge/JSON",,34526.0,C11H20N3O3PS,305.34,CCN(CC)C1=NC(=CC(=N1)OP(=S)(OC)OC)C,CCN(CC)C1=NC(=CC(=N1)OP(=S)(OC)OC)C,4.2,88.8,310.0,0.0,0.0,7.0,7.0
298-02-2,Phorate,DTXSID4032459,298-02-2,resolved,"https://pubchem.ncbi.nlm.nih.gov/rest/pug/compound/name/298-02-2/property/CanonicalSMILES,IsomericSMILES,MolecularFormula,MolecularWeight,XLogP,TPSA,HBondDonorCount,HBondAcceptorCount,RotatableBondCount,Complexity,Charge/JSON",,4790.0,C7H17O2PS3,260.4,CCOP(=S)(OCC)SCSCC,CCOP(=S)(OCC)SCSCC,3.6,101.0,156.0,0.0,0.0,5.0,8.0
298-46-4,Carbamazepine,DTXSID4022731,298-46-4,resolved,"https://pubchem.ncbi.nlm.nih.gov/rest/pug/compound/name/298-46-4/property/CanonicalSMILES,IsomericSMILES,MolecularFormula,MolecularWeight,XLogP,TPSA,HBondDonorCount,HBondAcceptorCount,RotatableBondCount,Complexity,Charge/JSON",,2554.0,C15H12N2O,236.27,C1=CC=C2C(=C1)C=CC3=CC=CC=C3N2C(=O)N,C1=CC=C2C(=C1)C=CC3=CC=CC=C3N2C(=O)N,2.5,46.3,326.0,0.0,1.0,1.0,0.0
300-76-5,Naled,DTXSID1024209,300-76-5,resolved,"https://pubchem.ncbi.nlm.nih.gov/rest/pug/compound/name/300-76-5/property/CanonicalSMILES,IsomericSMILES,MolecularFormula,MolecularWeight,XLogP,TPSA,HBondDonorCount,HBondAcceptorCount,RotatableBondCount,Complexity,Charge/JSON",,4420.0,C4H7Br2Cl2O4P,380.78,COP(=O)(OC)OC(C(Cl)(Cl)Br)Br,COP(=O)(OC)OC(C(Cl)(Cl)Br)Br,2.5,44.8,206.0,0.0,0.0,4.0,5.0
302-79-4,all-trans-Retinoic acid,DTXSID7021239,302-79-4,resolved,"https://pubchem.ncbi.nlm.nih.gov/rest/pug/compound/name/302-79-4/property/CanonicalSMILES,IsomericSMILES,MolecularFormula,MolecularWeight,XLogP,TPSA,HBondDonorCount,HBondAcceptorCount,RotatableBondCount,Complexity,Charge/JSON",,444795.0,C20H28O2,300.4,CC1=C(C(CCC1)(C)C)/C=C/C(=C/C=C/C(=C/C(=O)O)/C)/C,CC1=C(C(CCC1)(C)C)C=CC(=CC=CC(=CC(=O)O)C)C,6.3,37.3,567.0,0.0,1.0,2.0,5.0
30560-19-1,Acephate,DTXSID8023846,30560-19-1,resolved,"https://pubchem.ncbi.nlm.nih.gov/rest/pug/compound/name/30560-19-1/property/CanonicalSMILES,IsomericSMILES,MolecularFormula,MolecularWeight,XLogP,TPSA,HBondDonorCount,HBondAcceptorCount,RotatableBondCount,Complexity,Charge/JSON",,1982.0,C4H10NO3PS,183.17,CC(=O)NP(=O)(OC)SC,CC(=O)NP(=O)(OC)SC,-0.8,80.7,172.0,0.0,1.0,4.0,3.0
329-89-5,6-aminopyridine-3-carboxamide,DTXSID5051446,329-89-5,resolved,"https://pubchem.ncbi.nlm.nih.gov/rest/pug/compound/name/329-89-5/property/CanonicalSMILES,IsomericSMILES,MolecularFormula,MolecularWeight,XLogP,TPSA,HBondDonorCount,HBondAcceptorCount,RotatableBondCount,Complexity,Charge/JSON",,9500.0,C6H7N3O,137.14,C1=CC(=NC=C1C(=O)N)N,C1=CC(=NC=C1C(=O)N)N,0.7,82.0,137.0,0.0,2.0,3.0,1.0
333-41-5,Diazinon,DTXSID9020407,333-41-5,resolved,"https://pubchem.ncbi.nlm.nih.gov/rest/pug/compound/name/333-41-5/property/CanonicalSMILES,IsomericSMILES,MolecularFormula,MolecularWeight,XLogP,TPSA,HBondDonorCount,HBondAcceptorCount,RotatableBondCount,Complexity,Charge/JSON",,3017.0,C12H21N2O3PS,304.35,CCOP(=S)(OCC)OC1=NC(=NC(=C1)C)C(C)C,CCOP(=S)(OCC)OC1=NC(=NC(=C1)C)C(C)C,3.8,85.6,307.0,0.0,0.0,6.0,7.0
33795-24-3,L-Ketamine hydrochloride,DTXSID90187455,33795-24-3,resolved,"https://pubchem.ncbi.nlm.nih.gov/rest/pug/compound/name/33795-24-3/property/CanonicalSMILES,IsomericSMILES,MolecularFormula,MolecularWeight,XLogP,TPSA,HBondDonorCount,HBondAcceptorCount,RotatableBondCount,Complexity,Charge/JSON",,9838417.0,C13H17Cl2NO,274.18,CN[C@]1(CCCCC1=O)C2=CC=CC=C2Cl.Cl,CNC1(CCCCC1=O)C2=CC=CC=C2Cl.Cl,,29.1,269.0,0.0,2.0,2.0,2.0
34552-83-5,"4-(4-Chlorophenyl)-4-hydroxy-N,N-dimethyl-alpha,alpha-diphenylpiperidine-1-butyramide monohydrochloride",DTXSID00880006,34552-83-5,resolved,"https://pubchem.ncbi.nlm.nih.gov/rest/pug/compound/name/34552-83-5/property/CanonicalSMILES,IsomericSMILES,MolecularFormula,MolecularWeight,XLogP,TPSA,HBondDonorCount,HBondAcceptorCount,RotatableBondCount,Complexity,Charge/JSON",,71420.0,C29H34Cl2N2O2,513.5,CN(C)C(=O)C(CCN1CCC(CC1)(C2=CC=C(C=C2)Cl)O)(C3=CC=CC=C3)C4=CC=CC=C4.Cl,CN(C)C(=O)C(CCN1CCC(CC1)(C2=CC=C(C=C2)Cl)O)(C3=CC=CC=C3)C4=CC=CC=C4.Cl,,43.8,623.0,0.0,2.0,3.0,7.0
41198-08-7,Profenofos,DTXSID3032464,41198-08-7,resolved,"https://pubchem.ncbi.nlm.nih.gov/rest/pug/compound/name/41198-08-7/property/CanonicalSMILES,IsomericSMILES,MolecularFormula,MolecularWeight,XLogP,TPSA,HBondDonorCount,HBondAcceptorCount,RotatableBondCount,Complexity,Charge/JSON",,38779.0,C11H15BrClO3PS,373.63,CCCSP(=O)(OCC)OC1=C(C=C(C=C1)Br)Cl,CCCSP(=O)(OCC)OC1=C(C=C(C=C1)Br)Cl,4.7,60.8,295.0,0.0,0.0,4.0,7.0
438-41-5,Chlordiazepoxide hydrochloride,DTXSID40880060,438-41-5,resolved,"https://pubchem.ncbi.nlm.nih.gov/rest/pug/compound/name/438-41-5/property/CanonicalSMILES,IsomericSMILES,MolecularFormula,MolecularWeight,XLogP,TPSA,HBondDonorCount,HBondAcceptorCount,RotatableBondCount,Complexity,Charge/JSON",,9916.0,C16H15Cl2N3O,336.2,CN=C1CN(C(=C2C=C(C=CC2=N1)Cl)C3=CC=CC=C3)O.Cl,CN=C1CN(C(=C2C=C(C=CC2=N1)Cl)C3=CC=CC=C3)O.Cl,,48.2,580.0,0.0,2.0,3.0,1.0
439-14-5,Diazepam,DTXSID4020406,439-14-5,resolved,"https://pubchem.ncbi.nlm.nih.gov/rest/pug/compound/name/439-14-5/property/CanonicalSMILES,IsomericSMILES,MolecularFormula,MolecularWeight,XLogP,TPSA,HBondDonorCount,HBondAcceptorCount,RotatableBondCount,Complexity,Charge/JSON",,3016.0,C16H13ClN2O,284.74,CN1C(=O)CN=C(C2=C1C=CC(=C2)Cl)C3=CC=CC=C3,CN1C(=O)CN=C(C2=C1C=CC(=C2)Cl)C3=CC=CC=C3,3.0,32.7,403.0,0.0,0.0,2.0,1.0
486-56-6,Cotinine,DTXSID1047576,486-56-6,resolved,"https://pubchem.ncbi.nlm.nih.gov/rest/pug/compound/name/486-56-6/property/CanonicalSMILES,IsomericSMILES,MolecularFormula,MolecularWeight,XLogP,TPSA,HBondDonorCount,HBondAcceptorCount,RotatableBondCount,Complexity,Charge/JSON",,854019.0,C10H12N2O,176.21,CN1[C@@H](CCC1=O)C2=CN=CC=C2,CN1C(CCC1=O)C2=CN=CC=C2,-0.3,33.2,205.0,0.0,0.0,2.0,1.0
50-02-2,Dexamethasone,DTXSID3020384,50-02-2,resolved,"https://pubchem.ncbi.nlm.nih.gov/rest/pug/compound/name/50-02-2/property/CanonicalSMILES,IsomericSMILES,MolecularFormula,MolecularWeight,XLogP,TPSA,HBondDonorCount,HBondAcceptorCount,RotatableBondCount,Complexity,Charge/JSON",,5743.0,C22H29FO5,392.5,C[C@@H]1C[C@H]2[C@@H]3CCC4=CC(=O)C=C[C@@]4([C@]3([C@H](C[C@@]2([C@]1(C(=O)CO)O)C)O)F)C,CC1CC2C3CCC4=CC(=O)C=CC4(C3(C(CC2(C1(C(=O)CO)O)C)O)F)C,1.9,94.8,805.0,0.0,3.0,6.0,2.0
50-35-1,Thalidomide,DTXSID9022524,50-35-1,resolved,"https://pubchem.ncbi.nlm.nih.gov/rest/pug/compound/name/50-35-1/property/CanonicalSMILES,IsomericSMILES,MolecularFormula,MolecularWeight,XLogP,TPSA,HBondDonorCount,HBondAcceptorCount,RotatableBondCount,Complexity,Charge/JSON",,5426.0,C13H10N2O4,258.23,C1CC(=O)NC(=O)C1N2C(=O)C3=CC=CC=C3C2=O,C1CC(=O)NC(=O)C1N2C(=O)C3=CC=CC=C3C2=O,0.3,83.6,449.0,0.0,1.0,4.0,1.0
50-36-2,Cocaine,DTXSID2038443,50-36-2,resolved,"https://pubchem.ncbi.nlm.nih.gov/rest/pug/compound/name/50-36-2/property/CanonicalSMILES,IsomericSMILES,MolecularFormula,MolecularWeight,XLogP,TPSA,HBondDonorCount,HBondAcceptorCount,RotatableBondCount,Complexity,Charge/JSON",,446220.0,C17H21NO4,303.35,CN1[C@H]2CC[C@@H]1[C@H]([C@H](C2)OC(=O)C3=CC=CC=C3)C(=O)OC,CN1C2CCC1C(C(C2)OC(=O)C3=CC=CC=C3)C(=O)OC,2.3,55.8,432.0,0.0,0.0,5.0,5.0
50-70-4,D-Glucitol,DTXSID5023588,50-70-4,resolved,"https://pubchem.ncbi.nlm.nih.gov/rest/pug/compound/name/50-70-4/property/CanonicalSMILES,IsomericSMILES,MolecularFormula,MolecularWeight,XLogP,TPSA,HBondDonorCount,HBondAcceptorCount,RotatableBondCount,Complexity,Charge/JSON",,5780.0,C6H14O6,182.17,C([C@H]([C@H]([C@@H]([C@H](CO)O)O)O)O)O,C(C(C(C(C(CO)O)O)O)O)O,-3.1,121.0,105.0,0.0,6.0,6.0,5.0
51-21-8,5-Fluorouracil,DTXSID2020634,51-21-8,resolved,"https://pubchem.ncbi.nlm.nih.gov/rest/pug/compound/name/51-21-8/property/CanonicalSMILES,IsomericSMILES,MolecularFormula,MolecularWeight,XLogP,TPSA,HBondDonorCount,HBondAcceptorCount,RotatableBondCount,Complexity,Charge/JSON",,3385.0,C4H3FN2O2,130.08,C1=C(C(=O)NC(=O)N1)F,C1=C(C(=O)NC(=O)N1)F,-0.9,58.2,199.0,0.0,2.0,3.0,0.0
51-52-5,6-Propyl-2-thiouracil,DTXSID5021209,51-52-5,resolved,"https://pubchem.ncbi.nlm.nih.gov/rest/pug/compound/name/51-52-5/property/CanonicalSMILES,IsomericSMILES,MolecularFormula,MolecularWeight,XLogP,TPSA,HBondDonorCount,HBondAcceptorCount,RotatableBondCount,Complexity,Charge/JSON",,657298.0,C7H10N2OS,170.23,CCCC1=CC(=O)NC(=S)N1,CCCC1=CC(=O)NC(=S)N1,0.8,73.2,222.0,0.0,2.0,2.0,2.0
51-63-8,Dextroamphetamine sulfate,DTXSID2057865,51-63-8,not_found,"https://pubchem.ncbi.nlm.nih.gov/rest/pug/compound/name/51-63-8/property/CanonicalSMILES,IsomericSMILES,MolecularFormula,MolecularWeight,XLogP,TPSA,HBondDonorCount,HBondAcceptorCount,RotatableBondCount,Complexity,Charge/JSON",HTTP 404,,,,,,,,,,,,
51481-60-8,Naloxone hydrochloride dihydrate,DTXSID90199452,51481-60-8,resolved,"https://pubchem.ncbi.nlm.nih.gov/rest/pug/compound/name/51481-60-8/property/CanonicalSMILES,IsomericSMILES,MolecularFormula,MolecularWeight,XLogP,TPSA,HBondDonorCount,HBondAcceptorCount,RotatableBondCount,Complexity,Charge/JSON",,20112022.0,C19H26ClNO6,399.9,C=CCN1CC[C@]23[C@@H]4C(=O)CC[C@]2([C@H]1CC5=C3C(=C(C=C5)O)O4)O.O.O.Cl,C=CCN1CCC23C4C(=O)CCC2(C1CC5=C3C(=C(C=C5)O)O4)O.O.O.Cl,,72.0,594.0,0.0,5.0,7.0,2.0
52-68-6,Trichlorfon,DTXSID0021389,52-68-6,resolved,"https://pubchem.ncbi.nlm.nih.gov/rest/pug/compound/name/52-68-6/property/CanonicalSMILES,IsomericSMILES,MolecularFormula,MolecularWeight,XLogP,TPSA,HBondDonorCount,HBondAcceptorCount,RotatableBondCount,Complexity,Charge/JSON",,5853.0,C4H8Cl3O4P,257.43,COP(=O)(C(C(Cl)(Cl)Cl)O)OC,COP(=O)(C(C(Cl)(Cl)Cl)O)OC,0.5,55.8,183.0,0.0,1.0,4.0,3.0
52-86-8,Haloperidol,DTXSID4034150,52-86-8,resolved,"https://pubchem.ncbi.nlm.nih.gov/rest/pug/compound/name/52-86-8/property/CanonicalSMILES,IsomericSMILES,MolecularFormula,MolecularWeight,XLogP,TPSA,HBondDonorCount,HBondAcceptorCount,RotatableBondCount,Complexity,Charge/JSON",,3559.0,C21H23ClFNO2,375.9,C1CN(CCC1(C2=CC=C(C=C2)Cl)O)CCCC(=O)C3=CC=C(C=C3)F,C1CN(CCC1(C2=CC=C(C=C2)Cl)O)CCCC(=O)C3=CC=C(C=C3)F,3.2,40.5,451.0,0.0,1.0,4.0,6.0
52645-53-1,Permethrin,DTXSID8022292,52645-53-1,resolved,"https://pubchem.ncbi.nlm.nih.gov/rest/pug/compound/name/52645-53-1/property/CanonicalSMILES,IsomericSMILES,MolecularFormula,MolecularWeight,XLogP,TPSA,HBondDonorCount,HBondAcceptorCount,RotatableBondCount,Complexity,Charge/JSON",,40326.0,C21H20Cl2O3,391.3,CC1(C(C1C(=O)OCC2=CC(=CC=C2)OC3=CC=CC=C3)C=C(Cl)Cl)C,CC1(C(C1C(=O)OCC2=CC(=CC=C2)OC3=CC=CC=C3)C=C(Cl)Cl)C,6.5,35.5,521.0,0.0,0.0,3.0,7.0
52918-63-5,Deltamethrin,DTXSID8020381,52918-63-5,resolved,"https://pubchem.ncbi.nlm.nih.gov/rest/pug/compound/name/52918-63-5/property/CanonicalSMILES,IsomericSMILES,MolecularFormula,MolecularWeight,XLogP,TPSA,HBondDonorCount,HBondAcceptorCount,RotatableBondCount,Complexity,Charge/JSON",,40585.0,C22H19Br2NO3,505.2,CC1([C@H]([C@H]1C(=O)O[C@H](C#N)C2=CC(=CC=C2)OC3=CC=CC=C3)C=C(Br)Br)C,CC1(C(C1C(=O)OC(C#N)C2=CC(=CC=C2)OC3=CC=CC=C3)C=C(Br)Br)C,6.2,59.3,643.0,0.0,0.0,4.0,7.0
532-32-1,Sodium benzoate,DTXSID1020140,532-32-1,resolved,"https://pubchem.ncbi.nlm.nih.gov/rest/pug/compound/name/532-32-1/property/CanonicalSMILES,IsomericSMILES,MolecularFormula,MolecularWeight,XLogP,TPSA,HBondDonorCount,HBondAcceptorCount,RotatableBondCount,Complexity,Charge/JSON",,517055.0,C7H5NaO2,144.10,C1=CC=C(C=C1)C(=O)[O-].[Na+],C1=CC=C(C=C1)C(=O)[O-].[Na+],,40.1,108.0,0.0,0.0,2.0,1.0
54-11-5,Nicotine,DTXSID1020930,54-11-5,resolved,"https://pubchem.ncbi.nlm.nih.gov/rest/pug/compound/name/54-11-5/property/CanonicalSMILES,IsomericSMILES,MolecularFormula,MolecularWeight,XLogP,TPSA,HBondDonorCount,HBondAcceptorCount,RotatableBondCount,Complexity,Charge/JSON",,89594.0,C10H14N2,162.23,CN1CCC[C@H]1C2=CN=CC=C2,CN1CCCC1C2=CN=CC=C2,1.2,16.1,147.0,0.0,0.0,2.0,1.0
54-85-3,Isoniazid,DTXSID8020755,54-85-3,resolved,"https://pubchem.ncbi.nlm.nih.gov/rest/pug/compound/name/54-85-3/property/CanonicalSMILES,IsomericSMILES,MolecularFormula,MolecularWeight,XLogP,TPSA,HBondDonorCount,HBondAcceptorCount,RotatableBondCount,Complexity,Charge/JSON",,3767.0,C6H7N3O,137.14,C1=CN=CC=C1C(=O)NN,C1=CN=CC=C1C(=O)NN,-0.7,68.0,120.0,0.0,2.0,3.0,1.0
5436-43-1,"2,2',4,4'-Tetrabromodiphenyl ether",DTXSID3030056,5436-43-1,resolved,"https://pubchem.ncbi.nlm.nih.gov/rest/pug/compound/name/5436-43-1/property/CanonicalSMILES,IsomericSMILES,MolecularFormula,MolecularWeight,XLogP,TPSA,HBondDonorCount,HBondAcceptorCount,RotatableBondCount,Complexity,Charge/JSON",,95170.0,C12H6Br4O,485.79,C1=CC(=C(C=C1Br)Br)OC2=C(C=C(C=C2)Br)Br,C1=CC(=C(C=C1Br)Br)OC2=C(C=C(C=C2)Br)Br,6.2,9.2,227.0,0.0,0.0,1.0,2.0
54593-83-8,Chlorethoxyfos,DTXSID2032344,54593-83-8,resolved,"https://pubchem.ncbi.nlm.nih.gov/rest/pug/compound/name/54593-83-8/property/CanonicalSMILES,IsomericSMILES,MolecularFormula,MolecularWeight,XLogP,TPSA,HBondDonorCount,HBondAcceptorCount,RotatableBondCount,Complexity,Charge/JSON",,91655.0,C6H11Cl4O3PS,336.0,CCOP(=S)(OCC)OC(C(Cl)(Cl)Cl)Cl,CCOP(=S)(OCC)OC(C(Cl)(Cl)Cl)Cl,4.6,59.8,225.0,0.0,0.0,4.0,6.0
5598-15-2,Chlorpyrifos oxon,DTXSID1038666,5598-15-2,resolved,"https://pubchem.ncbi.nlm.nih.gov/rest/pug/compound/name/5598-15-2/property/CanonicalSMILES,IsomericSMILES,MolecularFormula,MolecularWeight,XLogP,TPSA,HBondDonorCount,HBondAcceptorCount,RotatableBondCount,Complexity,Charge/JSON",,21804.0,C9H11Cl3NO4P,334.5,CCOP(=O)(OCC)OC1=NC(=C(C=C1Cl)Cl)Cl,CCOP(=O)(OCC)OC1=NC(=C(C=C1Cl)Cl)Cl,3.5,57.7,300.0,0.0,0.0,5.0,6.0
56-24-6,Trimethyltin hydroxide,DTXSID9032240,56-24-6,resolved,"https://pubchem.ncbi.nlm.nih.gov/rest/pug/compound/name/56-24-6/property/CanonicalSMILES,IsomericSMILES,MolecularFormula,MolecularWeight,XLogP,TPSA,HBondDonorCount,HBondAcceptorCount,RotatableBondCount,Complexity,Charge/JSON",,11217597.0,C3H10OSn,180.82,C[Sn+](C)C.[OH-],C[Sn+](C)C.[OH-],,1.0,8.0,0.0,1.0,1.0,0.0
56-35-9,Bis(tributyltin)oxide,DTXSID9020166,56-35-9,resolved,"https://pubchem.ncbi.nlm.nih.gov/rest/pug/compound/name/56-35-9/property/CanonicalSMILES,IsomericSMILES,MolecularFormula,MolecularWeight,XLogP,TPSA,HBondDonorCount,HBondAcceptorCount,RotatableBondCount,Complexity,Charge/JSON",,16682746.0,C24H54OSn2,596.1,CCCC[Sn](CCCC)(CCCC)O[Sn](CCCC)(CCCC)CCCC,CCCC[Sn](CCCC)(CCCC)O[Sn](CCCC)(CCCC)CCCC,,9.2,246.0,0.0,0.0,1.0,20.0
56-53-1,Diethylstilbestrol,DTXSID3020465,56-53-1,resolved,"https://pubchem.ncbi.nlm.nih.gov/rest/pug/compound/name/56-53-1/property/CanonicalSMILES,IsomericSMILES,MolecularFormula,MolecularWeight,XLogP,TPSA,HBondDonorCount,HBondAcceptorCount,RotatableBondCount,Complexity,Charge/JSON",,448537.0,C18H20O2,268.3,CC/C(=C(/CC)\C1=CC=C(C=C1)O)/C2=CC=C(C=C2)O,CCC(=C(CC)C1=CC=C(C=C1)O)C2=CC=C(C=C2)O,5.1,40.5,286.0,0.0,2.0,2.0,4.0
56-72-4,Coumaphos,DTXSID2020347,56-72-4,resolved,"https://pubchem.ncbi.nlm.nih.gov/rest/pug/compound/name/56-72-4/property/CanonicalSMILES,IsomericSMILES,MolecularFormula,MolecularWeight,XLogP,TPSA,HBondDonorCount,HBondAcceptorCount,RotatableBondCount,Complexity,Charge/JSON",,2871.0,C14H16ClO5PS,362.8,CCOP(=S)(OCC)OC1=CC2=C(C=C1)C(=C(C(=O)O2)Cl)C,CCOP(=S)(OCC)OC1=CC2=C(C=C1)C(=C(C(=O)O2)Cl)C,4.5,86.1,499.0,0.0,0.0,6.0,6.0
56296-78-7,Fluoxetine hydrochloride,DTXSID7020635,56296-78-7,resolved,"https://pubchem.ncbi.nlm.nih.gov/rest/pug/compound/name/56296-78-7/property/CanonicalSMILES,IsomericSMILES,MolecularFormula,MolecularWeight,XLogP,TPSA,HBondDonorCount,HBondAcceptorCount,RotatableBondCount,Complexity,Charge/JSON",,62857.0,C17H19ClF3NO,345.8,CNCCC(C1=CC=CC=C1)OC2=CC=C(C=C2)C(F)(F)F.Cl,CNCCC(C1=CC=CC=C1)OC2=CC=C(C=C2)C(F)(F)F.Cl,,21.3,308.0,0.0,2.0,5.0,6.0
57-30-7,Phenobarbital sodium,DTXSID0021123,57-30-7,resolved,"https://pubchem.ncbi.nlm.nih.gov/rest/pug/compound/name/57-30-7/property/CanonicalSMILES,IsomericSMILES,MolecularFormula,MolecularWeight,XLogP,TPSA,HBondDonorCount,HBondAcceptorCount,RotatableBondCount,Complexity,Charge/JSON",,23674889.0,C12H11N2NaO3,254.22,CCC1(C(=O)NC(=NC1=O)[O-])C2=CC=CC=C2.[Na+],CCC1(C(=O)NC(=NC1=O)[O-])C2=CC=CC=C2.[Na+],,81.6,378.0,0.0,1.0,3.0,2.0
57-41-0,"5,5-Diphenylhydantoin",DTXSID8020541,57-41-0,resolved,"https://pubchem.ncbi.nlm.nih.gov/rest/pug/compound/name/57-41-0/property/CanonicalSMILES,IsomericSMILES,MolecularFormula,MolecularWeight,XLogP,TPSA,HBondDonorCount,HBondAcceptorCount,RotatableBondCount,Complexity,Charge/JSON",,1775.0,C15H12N2O2,252.27,C1=CC=C(C=C1)C2(C(=O)NC(=O)N2)C3=CC=CC=C3,C1=CC=C(C=C1)C2(C(=O)NC(=O)N2)C3=CC=CC=C3,2.5,58.2,350.0,0.0,2.0,2.0,2.0
58-08-2,Caffeine,DTXSID0020232,58-08-2,resolved,"https://pubchem.ncbi.nlm.nih.gov/rest/pug/compound/name/58-08-2/property/CanonicalSMILES,IsomericSMILES,MolecularFormula,MolecularWeight,XLogP,TPSA,HBondDonorCount,HBondAcceptorCount,RotatableBondCount,Complexity,Charge/JSON",,2519.0,C8H10N4O2,194.19,CN1C=NC2=C1C(=O)N(C(=O)N2C)C,CN1C=NC2=C1C(=O)N(C(=O)N2C)C,-0.1,58.4,293.0,0.0,0.0,3.0,0.0
59-05-2,Methotrexate,DTXSID4020822,59-05-2,resolved,"https://pubchem.ncbi.nlm.nih.gov/rest/pug/compound/name/59-05-2/property/CanonicalSMILES,IsomericSMILES,MolecularFormula,MolecularWeight,XLogP,TPSA,HBondDonorCount,HBondAcceptorCount,RotatableBondCount,Complexity,Charge/JSON",,126941.0,C20H22N8O5,454.4,CN(CC1=CN=C2C(=N1)C(=NC(=N2)N)N)C3=CC=C(C=C3)C(=O)N[C@@H](CCC(=O)O)C(=O)O,CN(CC1=CN=C2C(=N1)C(=NC(=N2)N)N)C3=CC=C(C=C3)C(=O)NC(CCC(=O)O)C(=O)O,-1.8,211.0,704.0,0.0,5.0,12.0,9.0
60-51-5,Dimethoate,DTXSID7020479,60-51-5,resolved,"https://pubchem.ncbi.nlm.nih.gov/rest/pug/compound/name/60-51-5/property/CanonicalSMILES,IsomericSMILES,MolecularFormula,MolecularWeight,XLogP,TPSA,HBondDonorCount,HBondAcceptorCount,RotatableBondCount,Complexity,Charge/JSON",,3082.0,C5H12NO3PS2,229.3,CNC(=O)CSP(=S)(OC)OC,CNC(=O)CSP(=S)(OC)OC,0.8,105.0,191.0,0.0,1.0,5.0,5.0
60-57-1,Dieldrin,DTXSID9020453,60-57-1,resolved,"https://pubchem.ncbi.nlm.nih.gov/rest/pug/compound/name/60-57-1/property/CanonicalSMILES,IsomericSMILES,MolecularFormula,MolecularWeight,XLogP,TPSA,HBondDonorCount,HBondAcceptorCount,RotatableBondCount,Complexity,Charge/JSON",,969491.0,C12H8Cl6O,380.9,C1[C@@H]2[C@H]3[C@@H]([C@H]1[C@H]4[C@@H]2O4)[C@]5(C(=C([C@@]3(C5(Cl)Cl)Cl)Cl)Cl)Cl,C1C2C3C(C1C4C2O4)C5(C(=C(C3(C5(Cl)Cl)Cl)Cl)Cl)Cl,3.7,12.5,516.0,0.0,0.0,1.0,0.0
6055-19-2,Cyclophosphamide monohydrate,DTXSID6024888,6055-19-2,resolved,"https://pubchem.ncbi.nlm.nih.gov/rest/pug/compound/name/6055-19-2/property/CanonicalSMILES,IsomericSMILES,MolecularFormula,MolecularWeight,XLogP,TPSA,HBondDonorCount,HBondAcceptorCount,RotatableBondCount,Complexity,Charge/JSON",,22420.0,C7H17Cl2N2O3P,279.10,C1CNP(=O)(OC1)N(CCCl)CCCl.O,C1CNP(=O)(OC1)N(CCCl)CCCl.O,,42.6,212.0,0.0,2.0,5.0,5.0
6080-56-4,Lead(II) acetate trihydrate,DTXSID3031521,6080-56-4,resolved,"https://pubchem.ncbi.nlm.nih.gov/rest/pug/compound/name/6080-56-4/property/CanonicalSMILES,IsomericSMILES,MolecularFormula,MolecularWeight,XLogP,TPSA,HBondDonorCount,HBondAcceptorCount,RotatableBondCount,Complexity,Charge/JSON",,22456.0,C4H12O7Pb,379,CC(=O)[O-].CC(=O)[O-].O.O.O.[Pb+2],CC(=O)[O-].CC(=O)[O-].O.O.O.[Pb+2],,83.3,25.0,0.0,3.0,7.0,0.0
62-73-7,Dichlorvos,DTXSID5020449,62-73-7,resolved,"https://pubchem.ncbi.nlm.nih.gov/rest/pug/compound/name/62-73-7/property/CanonicalSMILES,IsomericSMILES,MolecularFormula,MolecularWeight,XLogP,TPSA,HBondDonorCount,HBondAcceptorCount,RotatableBondCount,Complexity,Charge/JSON",,3039.0,C4H7Cl2O4P,220.97,COP(=O)(OC)OC=C(Cl)Cl,COP(=O)(OC)OC=C(Cl)Cl,1.4,44.8,181.0,0.0,0.0,4.0,4.0
62571-86-2,Captopril,DTXSID1037197,62571-86-2,resolved,"https://pubchem.ncbi.nlm.nih.gov/rest/pug/compound/name/62571-86-2/property/CanonicalSMILES,IsomericSMILES,MolecularFormula,MolecularWeight,XLogP,TPSA,HBondDonorCount,HBondAcceptorCount,RotatableBondCount,Complexity,Charge/JSON",,44093.0,C9H15NO3S,217.29,C[C@H](CS)C(=O)N1CCC[C@H]1C(=O)O,CC(CS)C(=O)N1CCCC1C(=O)O,0.3,58.6,244.0,0.0,2.0,4.0,3.0
64-86-8,Colchicine,DTXSID5024845,64-86-8,resolved,"https://pubchem.ncbi.nlm.nih.gov/rest/pug/compound/name/64-86-8/property/CanonicalSMILES,IsomericSMILES,MolecularFormula,MolecularWeight,XLogP,TPSA,HBondDonorCount,HBondAcceptorCount,RotatableBondCount,Complexity,Charge/JSON",,6167.0,C22H25NO6,399.4,CC(=O)N[C@H]1CCC2=CC(=C(C(=C2C3=CC=C(C(=O)C=C13)OC)OC)OC)OC,CC(=O)NC1CCC2=CC(=C(C(=C2C3=CC=C(C(=O)C=C13)OC)OC)OC)OC,1.0,83.1,740.0,0.0,1.0,6.0,5.0
69-09-0,Chlorpromazine hydrochloride,DTXSID7024827,69-09-0,resolved,"https://pubchem.ncbi.nlm.nih.gov/rest/pug/compound/name/69-09-0/property/CanonicalSMILES,IsomericSMILES,MolecularFormula,MolecularWeight,XLogP,TPSA,HBondDonorCount,HBondAcceptorCount,RotatableBondCount,Complexity,Charge/JSON",,6240.0,C17H20Cl2N2S,355.3,CN(C)CCCN1C2=CC=CC=C2SC3=C1C=C(C=C3)Cl.Cl,CN(C)CCCN1C2=CC=CC=C2SC3=C1C=C(C=C3)Cl.Cl,,31.8,339.0,0.0,1.0,3.0,4.0
70-30-4,Hexachlorophene,DTXSID6020690,70-30-4,resolved,"https://pubchem.ncbi.nlm.nih.gov/rest/pug/compound/name/70-30-4/property/CanonicalSMILES,IsomericSMILES,MolecularFormula,MolecularWeight,XLogP,TPSA,HBondDonorCount,HBondAcceptorCount,RotatableBondCount,Complexity,Charge/JSON",,3598.0,C13H6Cl6O2,406.9,C1=C(C(=C(C(=C1Cl)Cl)CC2=C(C(=CC(=C2Cl)Cl)Cl)O)O)Cl,C1=C(C(=C(C(=C1Cl)Cl)CC2=C(C(=CC(=C2Cl)Cl)Cl)O)O)Cl,7.5,40.5,328.0,0.0,2.0,2.0,2.0
732-11-6,Phosmet,DTXSID5024261,732-11-6,resolved,"https://pubchem.ncbi.nlm.nih.gov/rest/pug/compound/name/732-11-6/property/CanonicalSMILES,IsomericSMILES,MolecularFormula,MolecularWeight,XLogP,TPSA,HBondDonorCount,HBondAcceptorCount,RotatableBondCount,Complexity,Charge/JSON",,12901.0,C11H12NO4PS2,317.3,COP(=S)(OC)SCN1C(=O)C2=CC=CC=C2C1=O,COP(=S)(OC)SCN1C(=O)C2=CC=CC=C2C1=O,2.8,113.0,399.0,0.0,0.0,6.0,5.0
741-58-2,Bensulide,DTXSID9032329,741-58-2,resolved,"https://pubchem.ncbi.nlm.nih.gov/rest/pug/compound/name/741-58-2/property/CanonicalSMILES,IsomericSMILES,MolecularFormula,MolecularWeight,XLogP,TPSA,HBondDonorCount,HBondAcceptorCount,RotatableBondCount,Complexity,Charge/JSON",,12932.0,C14H24NO4PS3,397.5,CC(C)OP(=S)(OC(C)C)SCCNS(=O)(=O)C1=CC=CC=C1,CC(C)OP(=S)(OC(C)C)SCCNS(=O)(=O)C1=CC=CC=C1,4.2,130.0,471.0,0.0,1.0,7.0,10.0
76-44-8,Heptachlor,DTXSID3020679,76-44-8,resolved,"https://pubchem.ncbi.nlm.nih.gov/rest/pug/compound/name/76-44-8/property/CanonicalSMILES,IsomericSMILES,MolecularFormula,MolecularWeight,XLogP,TPSA,HBondDonorCount,HBondAcceptorCount,RotatableBondCount,Complexity,Charge/JSON",,3589.0,C10H5Cl7,373.3,C1=CC(C2C1C3(C(=C(C2(C3(Cl)Cl)Cl)Cl)Cl)Cl)Cl,C1=CC(C2C1C3(C(=C(C2(C3(Cl)Cl)Cl)Cl)Cl)Cl)Cl,4.3,0.0,467.0,0.0,0.0,0.0,0.0
7681-49-4,Sodium fluoride,DTXSID2020630,7681-49-4,resolved,"https://pubchem.ncbi.nlm.nih.gov/rest/pug/compound/name/7681-49-4/property/CanonicalSMILES,IsomericSMILES,MolecularFormula,MolecularWeight,XLogP,TPSA,HBondDonorCount,HBondAcceptorCount,RotatableBondCount,Complexity,Charge/JSON",,5235.0,FNa,41.9881724,[F-].[Na+],[F-].[Na+],,0.0,2.0,0.0,0.0,1.0,0.0
7773-01-5,Manganese dichloride,DTXSID9040681,7773-01-5,resolved,"https://pubchem.ncbi.nlm.nih.gov/rest/pug/compound/name/7773-01-5/property/CanonicalSMILES,IsomericSMILES,MolecularFormula,MolecularWeight,XLogP,TPSA,HBondDonorCount,HBondAcceptorCount,RotatableBondCount,Complexity,Charge/JSON",,10313134.0,Cl2Mn,125.84,[Cl-].[Cl-].[Mn+2],[Cl-].[Cl-].[Mn+2],,0.0,0.0,0.0,0.0,2.0,0.0
7784-46-5,Sodium arsenite,DTXSID5020104,7784-46-5,resolved,"https://pubchem.ncbi.nlm.nih.gov/rest/pug/compound/name/7784-46-5/property/CanonicalSMILES,IsomericSMILES,MolecularFormula,MolecularWeight,XLogP,TPSA,HBondDonorCount,HBondAcceptorCount,RotatableBondCount,Complexity,Charge/JSON",,443495.0,AsNaO2,129.910,[O-][As]=O.[Na+],[O-][As]=O.[Na+],,40.1,13.0,0.0,0.0,2.0,0.0
7790-78-5,Cadmium(II) chloride hydrate (2:5),DTXSID4040183,7790-78-5,resolved,"https://pubchem.ncbi.nlm.nih.gov/rest/pug/compound/name/7790-78-5/property/CanonicalSMILES,IsomericSMILES,MolecularFormula,MolecularWeight,XLogP,TPSA,HBondDonorCount,HBondAcceptorCount,RotatableBondCount,Complexity,Charge/JSON",,24978551.0,Cd2Cl4H10O5,456.7,O.O.O.O.O.[Cl-].[Cl-].[Cl-].[Cl-].[Cd+2].[Cd+2],O.O.O.O.O.[Cl-].[Cl-].[Cl-].[Cl-].[Cd+2].[Cd+2],,5.0,0.0,0.0,5.0,9.0,0.0
78-48-8,Tribufos,DTXSID1024174,78-48-8,resolved,"https://pubchem.ncbi.nlm.nih.gov/rest/pug/compound/name/78-48-8/property/CanonicalSMILES,IsomericSMILES,MolecularFormula,MolecularWeight,XLogP,TPSA,HBondDonorCount,HBondAcceptorCount,RotatableBondCount,Complexity,Charge/JSON",,5125.0,C12H27OPS3,314.5,CCCCSP(=O)(SCCCC)SCCCC,CCCCSP(=O)(SCCCC)SCCCC,3.2,93.0,179.0,0.0,0.0,4.0,12.0
79-06-1,Acrylamide,DTXSID5020027,79-06-1,resolved,"https://pubchem.ncbi.nlm.nih.gov/rest/pug/compound/name/79-06-1/property/CanonicalSMILES,IsomericSMILES,MolecularFormula,MolecularWeight,XLogP,TPSA,HBondDonorCount,HBondAcceptorCount,RotatableBondCount,Complexity,Charge/JSON",,6579.0,C3H5NO,71.08,C=CC(=O)N,C=CC(=O)N,-0.7,43.1,57.0,0.0,1.0,1.0,1.0
80-05-7,Bisphenol A,DTXSID7020182,80-05-7,resolved,"https://pubchem.ncbi.nlm.nih.gov/rest/pug/compound/name/80-05-7/property/CanonicalSMILES,IsomericSMILES,MolecularFormula,MolecularWeight,XLogP,TPSA,HBondDonorCount,HBondAcceptorCount,RotatableBondCount,Complexity,Charge/JSON",,6623.0,C15H16O2,228.29,CC(C)(C1=CC=C(C=C1)O)C2=CC=C(C=C2)O,CC(C)(C1=CC=C(C=C1)O)C2=CC=C(C=C2)O,3.3,40.5,209.0,0.0,2.0,2.0,2.0
82385-42-0,Sodium saccharin hydrate,DTXSID7021992,82385-42-0,resolved,"https://pubchem.ncbi.nlm.nih.gov/rest/pug/compound/name/82385-42-0/property/CanonicalSMILES,IsomericSMILES,MolecularFormula,MolecularWeight,XLogP,TPSA,HBondDonorCount,HBondAcceptorCount,RotatableBondCount,Complexity,Charge/JSON",,443755.0,C7H6NNaO4S,223.18,C1=CC=C2C(=C1)C(=O)[N-]S2(=O)=O.O.[Na+],C1=CC=C2C(=C1)C(=O)[N-]S2(=O)=O.O.[Na+],,61.6,308.0,0.0,1.0,5.0,0.0
86386-73-4,Fluconazole,DTXSID3020627,86386-73-4,resolved,"https://pubchem.ncbi.nlm.nih.gov/rest/pug/compound/name/86386-73-4/property/CanonicalSMILES,IsomericSMILES,MolecularFormula,MolecularWeight,XLogP,TPSA,HBondDonorCount,HBondAcceptorCount,RotatableBondCount,Complexity,Charge/JSON",,3365.0,C13H12F2N6O,306.27,C1=CC(=C(C=C1F)F)C(CN2C=NC=N2)(CN3C=NC=N3)O,C1=CC(=C(C=C1F)F)C(CN2C=NC=N2)(CN3C=NC=N3)O,0.4,81.7,358.0,0.0,1.0,7.0,5.0
96182-53-5,Tebupirimfos,DTXSID1032482,96182-53-5,resolved,"https://pubchem.ncbi.nlm.nih.gov/rest/pug/compound/name/96182-53-5/property/CanonicalSMILES,IsomericSMILES,MolecularFormula,MolecularWeight,XLogP,TPSA,HBondDonorCount,HBondAcceptorCount,RotatableBondCount,Complexity,Charge/JSON",,93516.0,C13H23N2O3PS,318.37,CCOP(=S)(OC1=CN=C(N=C1)C(C)(C)C)OC(C)C,CCOP(=S)(OC1=CN=C(N=C1)C(C)(C)C)OC(C)C,4.2,85.6,339.0,0.0,0.0,6.0,7.0
962-58-3,Diazoxon,DTXSID5037523,962-58-3,resolved,"https://pubchem.ncbi.nlm.nih.gov/rest/pug/compound/name/962-58-3/property/CanonicalSMILES,IsomericSMILES,MolecularFormula,MolecularWeight,XLogP,TPSA,HBondDonorCount,HBondAcceptorCount,RotatableBondCount,Complexity,Charge/JSON",,13754.0,C12H21N2O4P,288.28,CCOP(=O)(OCC)OC1=NC(=NC(=C1)C)C(C)C,CCOP(=O)(OCC)OC1=NC(=NC(=C1)C)C(C)C,2.1,70.5,304.0,0.0,0.0,6.0,7.0
98886-44-3,Fosthiazate,DTXSID0034930,98886-44-3,resolved,"https://pubchem.ncbi.nlm.nih.gov/rest/pug/compound/name/98886-44-3/property/CanonicalSMILES,IsomericSMILES,MolecularFormula,MolecularWeight,XLogP,TPSA,HBondDonorCount,HBondAcceptorCount,RotatableBondCount,Complexity,Charge/JSON",,91758.0,C9H18NO3PS2,283.4,CCC(C)SP(=O)(N1CCSC1=O)OCC,CCC(C)SP(=O)(N1CCSC1=O)OCC,2.0,97.2,300.0,0.0,0.0,5.0,6.0
